,Office31_a2d,Office31_a2w,Office31_d2w,Office31_d2a,Office31_w2a,Office31_w2d
0,0.0,0.0,0.0,0,0,0.0
1,0.0,0.0,0.0,0,0,0.0
2,0.0,0.0,0.0,0,0,0.0
3,0.0,0.0,0.0,0,0,0.0
4,0.0,0.0,0.0,0,0,0.0
5,0.0,0.0,0.0,0,0,0.0
6,0.0,0.0,0.0,0,0,0.0
7,0.0,0.0,0.0,0,0,0.0
8,1.0,0.0,0.0,0,0,1.0
9,1.0,0.0,0.0,0,0,1.0
10,1.0,0.0,0.0,0,0,1.0
11,1.0,0.0,0.0,0,0,1.0
12,1.0,0.0,0.0,0,0,1.0
13,1.0,0.0,0.0,0,0,1.0
14,1.0,0.0,0.0,0,0,1.0
15,1.0,0.0,0.0,0,0,1.0
16,1.0,0.0,0.0,0,0,1.0
17,1.0,0.0,0.0,0,0,1.0
18,1.0,0.0,0.0,0,0,1.0
19,1.0,0.0,0.0,0,0,1.0
20,1.0,1.0,1.0,0,0,1.0
21,1.0,1.0,1.0,0,0,1.0
22,2.0,1.0,1.0,0,0,2.0
23,2.0,1.0,1.0,0,0,2.0
24,2.0,1.0,1.0,0,0,2.0
25,2.0,1.0,1.0,0,0,2.0
26,2.0,1.0,1.0,0,0,2.0
27,2.0,1.0,1.0,24,12,2.0
28,2.0,1.0,1.0,0,0,2.0
29,2.0,1.0,1.0,0,0,2.0
30,2.0,1.0,1.0,0,0,2.0
31,2.0,1.0,1.0,0,0,2.0
32,2.0,1.0,1.0,0,0,2.0
33,2.0,1.0,1.0,0,0,2.0
34,2.0,2.0,2.0,0,0,2.0
35,2.0,2.0,2.0,0,0,2.0
36,2.0,2.0,2.0,0,0,2.0
37,2.0,2.0,2.0,0,0,2.0
38,3.0,2.0,2.0,0,0,3.0
39,3.0,2.0,2.0,0,0,3.0
40,13.0,2.0,2.0,0,0,3.0
41,3.0,2.0,2.0,0,0,3.0
42,3.0,2.0,2.0,0,0,3.0
43,3.0,2.0,2.0,0,0,3.0
44,3.0,2.0,2.0,0,0,3.0
45,3.0,2.0,2.0,0,0,3.0
46,4.0,2.0,2.0,0,0,4.0
47,4.0,2.0,2.0,0,0,4.0
48,4.0,2.0,2.0,0,0,4.0
49,4.0,2.0,2.0,0,0,4.0
50,4.0,2.0,2.0,0,0,4.0
51,4.0,2.0,2.0,0,0,4.0
52,4.0,2.0,2.0,0,0,4.0
53,4.0,3.0,3.0,0,0,4.0
54,4.0,3.0,3.0,0,0,4.0
55,4.0,3.0,3.0,0,9,4.0
56,4.0,3.0,3.0,0,0,4.0
57,5.0,3.0,3.0,0,0,5.0
58,5.0,3.0,3.0,0,0,5.0
59,5.0,3.0,3.0,0,0,5.0
60,5.0,3.0,3.0,0,0,5.0
61,5.0,4.0,4.0,0,0,5.0
62,5.0,4.0,4.0,1,1,5.0
63,5.0,4.0,4.0,1,1,5.0
64,5.0,4.0,4.0,1,1,5.0
65,6.0,4.0,4.0,1,1,6.0
66,6.0,4.0,4.0,1,1,6.0
67,6.0,4.0,4.0,1,1,6.0
68,6.0,4.0,4.0,1,1,6.0
69,6.0,4.0,4.0,1,1,6.0
70,6.0,4.0,4.0,1,1,6.0
71,6.0,4.0,4.0,1,1,6.0
72,6.0,4.0,4.0,1,1,6.0
73,6.0,5.0,5.0,1,1,6.0
74,7.0,5.0,5.0,1,1,7.0
75,7.0,5.0,5.0,1,1,7.0
76,7.0,20.0,5.0,1,1,7.0
77,7.0,5.0,5.0,1,1,7.0
78,7.0,5.0,5.0,1,1,7.0
79,7.0,20.0,5.0,1,1,7.0
80,7.0,20.0,5.0,1,1,7.0
81,7.0,5.0,5.0,1,1,7.0
82,7.0,5.0,5.0,1,1,7.0
83,7.0,5.0,5.0,1,1,7.0
84,8.0,5.0,5.0,1,1,8.0
85,8.0,5.0,5.0,1,1,8.0
86,21.0,5.0,5.0,1,1,8.0
87,8.0,5.0,5.0,1,1,8.0
88,8.0,5.0,5.0,1,1,8.0
89,8.0,5.0,5.0,1,1,8.0
90,8.0,5.0,5.0,1,1,8.0
91,8.0,5.0,5.0,1,1,8.0
92,8.0,5.0,5.0,1,1,8.0
93,8.0,5.0,5.0,1,1,8.0
94,8.0,6.0,6.0,1,1,8.0
95,9.0,6.0,6.0,1,1,9.0
96,9.0,6.0,6.0,1,1,9.0
97,9.0,6.0,6.0,1,1,9.0
98,9.0,6.0,6.0,1,1,9.0
99,9.0,6.0,6.0,1,1,9.0
100,9.0,6.0,6.0,1,1,9.0
101,9.0,6.0,6.0,1,1,9.0
102,9.0,6.0,6.0,1,1,9.0
103,9.0,6.0,6.0,1,1,9.0
104,9.0,6.0,6.0,6,6,9.0
105,9.0,6.0,6.0,1,1,9.0
106,10.0,6.0,6.0,1,1,10.0
107,10.0,6.0,6.0,1,1,10.0
108,10.0,6.0,6.0,1,1,10.0
109,10.0,6.0,6.0,1,1,10.0
110,10.0,6.0,6.0,1,1,10.0
111,10.0,6.0,6.0,1,1,10.0
112,10.0,6.0,6.0,1,1,10.0
113,10.0,6.0,6.0,1,1,10.0
114,11.0,6.0,6.0,1,1,11.0
115,11.0,6.0,6.0,1,1,11.0
116,11.0,6.0,6.0,1,1,11.0
117,11.0,6.0,6.0,1,1,11.0
118,11.0,6.0,6.0,2,2,11.0
119,11.0,6.0,6.0,2,2,11.0
120,11.0,6.0,6.0,2,2,11.0
121,12.0,7.0,7.0,2,2,12.0
122,12.0,7.0,7.0,2,2,12.0
123,12.0,7.0,7.0,2,2,12.0
124,8.0,7.0,7.0,2,2,12.0
125,12.0,7.0,7.0,2,2,12.0
126,12.0,7.0,7.0,2,2,12.0
127,12.0,7.0,7.0,2,2,12.0
128,12.0,7.0,7.0,2,2,12.0
129,12.0,7.0,7.0,2,2,12.0
130,12.0,7.0,7.0,2,2,12.0
131,12.0,7.0,7.0,2,2,12.0
132,12.0,7.0,7.0,2,2,12.0
133,12.0,8.0,8.0,2,2,12.0
134,12.0,8.0,8.0,2,2,12.0
135,12.0,8.0,8.0,2,2,12.0
136,12.0,8.0,8.0,2,2,12.0
137,13.0,8.0,8.0,2,2,13.0
138,13.0,8.0,8.0,2,2,13.0
139,13.0,8.0,8.0,2,2,13.0
140,13.0,8.0,8.0,2,2,13.0
141,13.0,8.0,8.0,2,2,13.0
142,13.0,8.0,8.0,2,2,13.0
143,3.0,8.0,8.0,2,2,13.0
144,3.0,8.0,8.0,2,2,13.0
145,13.0,8.0,8.0,2,2,13.0
146,13.0,8.0,8.0,2,2,13.0
147,13.0,9.0,9.0,2,2,13.0
148,5.0,9.0,9.0,2,2,14.0
149,14.0,9.0,9.0,2,2,14.0
150,5.0,9.0,9.0,2,2,14.0
151,14.0,9.0,9.0,2,2,14.0
152,14.0,9.0,9.0,2,2,14.0
153,14.0,9.0,9.0,2,2,14.0
154,14.0,9.0,9.0,2,2,14.0
155,14.0,9.0,9.0,2,2,14.0
156,14.0,9.0,9.0,2,2,14.0
157,14.0,9.0,9.0,2,2,14.0
158,14.0,9.0,9.0,2,2,14.0
159,14.0,9.0,9.0,2,2,14.0
160,14.0,10.0,10.0,2,2,14.0
161,14.0,10.0,10.0,2,2,14.0
162,14.0,10.0,10.0,2,2,14.0
163,14.0,10.0,10.0,2,2,14.0
164,14.0,10.0,10.0,2,2,14.0
165,14.0,10.0,10.0,16,16,14.0
166,14.0,10.0,10.0,2,2,14.0
167,14.0,10.0,10.0,3,3,14.0
168,14.0,10.0,10.0,3,3,14.0
169,15.0,10.0,10.0,3,3,15.0
170,15.0,10.0,10.0,3,3,15.0
171,15.0,10.0,10.0,3,3,15.0
172,8.0,10.0,10.0,3,3,15.0
173,15.0,10.0,10.0,3,3,15.0
174,15.0,10.0,10.0,3,3,15.0
175,15.0,10.0,10.0,23,23,15.0
176,7.0,10.0,10.0,3,3,15.0
177,15.0,10.0,10.0,13,3,15.0
178,7.0,11.0,11.0,3,3,15.0
179,15.0,11.0,11.0,3,3,15.0
180,15.0,11.0,11.0,3,3,15.0
181,15.0,11.0,11.0,3,3,15.0
182,15.0,11.0,11.0,3,3,15.0
183,7.0,11.0,11.0,3,3,15.0
184,16.0,11.0,11.0,3,3,16.0
185,16.0,11.0,11.0,3,3,16.0
186,16.0,11.0,11.0,3,3,16.0
187,16.0,11.0,11.0,3,3,16.0
188,16.0,11.0,11.0,7,7,16.0
189,16.0,11.0,11.0,3,3,16.0
190,16.0,11.0,11.0,3,3,16.0
191,16.0,11.0,11.0,3,3,16.0
192,17.0,11.0,11.0,3,3,17.0
193,17.0,11.0,11.0,3,3,17.0
194,17.0,11.0,11.0,3,3,17.0
195,17.0,11.0,11.0,3,3,17.0
196,17.0,11.0,11.0,3,3,17.0
197,18.0,12.0,12.0,3,3,18.0
198,18.0,12.0,12.0,3,3,18.0
199,18.0,12.0,12.0,18,18,18.0
200,18.0,12.0,12.0,3,3,18.0
201,18.0,12.0,12.0,3,3,18.0
202,18.0,12.0,12.0,3,3,18.0
203,19.0,12.0,12.0,12,4,19.0
204,19.0,12.0,12.0,3,3,19.0
205,19.0,12.0,12.0,3,3,19.0
206,19.0,8.0,12.0,3,3,19.0
207,19.0,12.0,12.0,3,3,19.0
208,19.0,12.0,12.0,7,7,19.0
209,19.0,12.0,12.0,7,7,19.0
210,20.0,12.0,12.0,13,3,20.0
211,20.0,12.0,12.0,3,3,20.0
212,20.0,12.0,12.0,3,3,20.0
213,10.0,12.0,12.0,3,3,20.0
214,20.0,12.0,12.0,3,3,20.0
215,20.0,12.0,12.0,3,3,20.0
216,20.0,12.0,12.0,3,3,20.0
217,20.0,13.0,13.0,3,3,20.0
218,20.0,13.0,13.0,3,3,20.0
219,21.0,13.0,13.0,3,3,21.0
220,21.0,13.0,13.0,3,3,21.0
221,21.0,13.0,13.0,3,3,21.0
222,21.0,13.0,13.0,3,3,21.0
223,21.0,13.0,13.0,10,10,21.0
224,21.0,13.0,13.0,15,18,21.0
225,21.0,13.0,13.0,4,4,21.0
226,21.0,13.0,13.0,4,4,21.0
227,21.0,13.0,13.0,4,4,21.0
228,21.0,13.0,13.0,26,29,21.0
229,22.0,13.0,13.0,4,4,22.0
230,14.0,5.0,14.0,4,4,22.0
231,22.0,14.0,14.0,23,29,22.0
232,22.0,14.0,14.0,26,26,22.0
233,22.0,5.0,14.0,4,4,22.0
234,22.0,14.0,14.0,4,4,22.0
235,22.0,14.0,14.0,4,4,22.0
236,22.0,14.0,14.0,26,26,22.0
237,22.0,14.0,14.0,7,7,22.0
238,22.0,14.0,14.0,18,18,22.0
239,22.0,14.0,14.0,7,7,22.0
240,22.0,14.0,14.0,4,4,22.0
241,13.0,14.0,14.0,4,4,22.0
242,22.0,14.0,14.0,4,4,22.0
243,22.0,14.0,14.0,4,4,22.0
244,22.0,14.0,14.0,4,4,22.0
245,23.0,14.0,14.0,4,4,23.0
246,23.0,14.0,14.0,4,4,23.0
247,23.0,14.0,14.0,4,4,23.0
248,23.0,14.0,14.0,5,5,23.0
249,23.0,28.0,14.0,20,5,23.0
250,23.0,15.0,15.0,20,5,23.0
251,23.0,15.0,15.0,5,5,23.0
252,23.0,15.0,15.0,5,5,23.0
253,23.0,15.0,15.0,5,5,23.0
254,23.0,15.0,15.0,5,5,23.0
255,23.0,15.0,15.0,5,5,23.0
256,23.0,15.0,15.0,5,5,23.0
257,24.0,15.0,15.0,5,5,24.0
258,15.0,15.0,15.0,5,5,24.0
259,24.0,15.0,15.0,5,5,24.0
260,18.0,7.0,15.0,5,5,24.0
261,24.0,7.0,15.0,20,5,24.0
262,24.0,15.0,15.0,5,5,24.0
263,25.0,15.0,15.0,20,5,25.0
264,25.0,7.0,15.0,5,5,25.0
265,25.0,21.0,21.0,5,5,25.0
266,19.0,15.0,15.0,5,5,25.0
267,25.0,15.0,15.0,5,5,25.0
268,26.0,15.0,15.0,5,5,26.0
269,26.0,15.0,15.0,5,5,26.0
270,26.0,15.0,15.0,20,5,26.0
271,26.0,15.0,15.0,5,5,26.0
272,26.0,7.0,15.0,20,5,26.0
273,26.0,15.0,15.0,20,5,26.0
274,26.0,15.0,15.0,5,5,26.0
275,26.0,15.0,15.0,5,5,26.0
276,26.0,7.0,15.0,5,5,26.0
277,26.0,7.0,15.0,5,5,26.0
278,26.0,7.0,15.0,5,5,26.0
279,26.0,16.0,16.0,5,5,26.0
280,27.0,16.0,16.0,5,5,27.0
281,27.0,16.0,16.0,5,5,27.0
282,27.0,16.0,16.0,5,5,27.0
283,27.0,16.0,16.0,5,5,27.0
284,27.0,16.0,16.0,12,12,27.0
285,27.0,16.0,16.0,5,5,27.0
286,27.0,16.0,16.0,20,5,27.0
287,27.0,16.0,16.0,26,26,27.0
288,27.0,16.0,16.0,5,5,27.0
289,27.0,16.0,16.0,20,28,27.0
290,27.0,16.0,16.0,5,5,27.0
291,27.0,16.0,16.0,5,5,27.0
292,27.0,16.0,16.0,5,5,27.0
293,27.0,16.0,16.0,5,5,27.0
294,27.0,16.0,16.0,5,5,27.0
295,27.0,16.0,16.0,20,5,27.0
296,27.0,16.0,16.0,18,18,27.0
297,28.0,16.0,16.0,5,5,28.0
298,28.0,16.0,16.0,5,5,28.0
299,28.0,17.0,17.0,5,5,28.0
300,28.0,17.0,17.0,5,5,28.0
301,28.0,17.0,17.0,5,5,28.0
302,28.0,17.0,17.0,5,5,28.0
303,28.0,17.0,17.0,5,5,28.0
304,28.0,17.0,17.0,5,5,23.0
305,28.0,17.0,17.0,5,5,28.0
306,28.0,17.0,17.0,5,5,28.0
307,28.0,17.0,17.0,5,5,28.0
308,28.0,17.0,17.0,20,20,28.0
309,28.0,17.0,17.0,5,5,28.0
310,28.0,17.0,17.0,5,5,28.0
311,28.0,17.0,17.0,5,5,29.0
312,28.0,17.0,17.0,6,6,29.0
313,28.0,17.0,17.0,6,6,29.0
314,29.0,17.0,17.0,6,6,29.0
315,29.0,17.0,17.0,6,6,29.0
316,29.0,17.0,17.0,6,6,29.0
317,29.0,17.0,17.0,6,6,29.0
318,29.0,18.0,18.0,6,6,29.0
319,29.0,18.0,18.0,6,6,29.0
320,29.0,18.0,18.0,6,6,29.0
321,16.0,18.0,18.0,6,6,29.0
322,29.0,18.0,18.0,6,6,29.0
323,29.0,18.0,18.0,6,6,29.0
324,16.0,18.0,18.0,6,6,29.0
325,28.0,18.0,18.0,6,6,29.0
326,29.0,18.0,18.0,6,6,29.0
327,30.0,18.0,18.0,6,6,30.0
328,30.0,18.0,18.0,6,6,30.0
329,30.0,18.0,18.0,3,3,30.0
330,30.0,18.0,18.0,6,6,30.0
331,30.0,18.0,18.0,6,6,30.0
332,30.0,18.0,18.0,7,7,30.0
333,30.0,18.0,18.0,6,6,30.0
334,30.0,18.0,18.0,6,6,30.0
335,30.0,18.0,18.0,6,6,30.0
336,30.0,18.0,18.0,6,6,30.0
337,30.0,19.0,19.0,6,6,30.0
338,,19.0,19.0,6,6,
339,,19.0,19.0,6,6,
340,,19.0,19.0,6,6,
341,,19.0,19.0,6,6,
342,,19.0,19.0,6,6,
343,,19.0,19.0,6,6,
344,,19.0,19.0,6,6,
345,,19.0,19.0,6,6,
346,,19.0,19.0,6,6,
347,,19.0,19.0,6,6,
348,,19.0,19.0,6,6,
349,,19.0,19.0,6,6,
350,,19.0,19.0,6,6,
351,,19.0,19.0,6,6,
352,,19.0,19.0,6,6,
353,,19.0,19.0,23,23,
354,,19.0,19.0,6,6,
355,,19.0,19.0,6,6,
356,,19.0,19.0,6,6,
357,,19.0,19.0,6,6,
358,,19.0,19.0,6,6,
359,,20.0,20.0,6,6,
360,,20.0,20.0,7,29,
361,,20.0,20.0,6,6,
362,,20.0,20.0,6,6,
363,,20.0,20.0,6,6,
364,,20.0,20.0,6,6,
365,,20.0,20.0,6,6,
366,,20.0,20.0,6,6,
367,,20.0,20.0,6,6,
368,,20.0,20.0,26,26,
369,,20.0,20.0,6,6,
370,,20.0,20.0,6,6,
371,,21.0,21.0,6,6,
372,,21.0,21.0,6,6,
373,,21.0,21.0,7,7,
374,,21.0,21.0,7,7,
375,,21.0,21.0,7,7,
376,,21.0,21.0,27,27,
377,,21.0,21.0,7,7,
378,,21.0,21.0,7,7,
379,,21.0,21.0,7,7,
380,,21.0,21.0,7,7,
381,,21.0,21.0,23,7,
382,,21.0,21.0,7,7,
383,,21.0,21.0,7,7,
384,,18.0,22.0,7,7,
385,,8.0,22.0,7,7,
386,,12.0,22.0,7,7,
387,,12.0,22.0,7,7,
388,,22.0,22.0,7,7,
389,,22.0,22.0,7,7,
390,,22.0,22.0,7,7,
391,,22.0,22.0,7,4,
392,,22.0,22.0,7,7,
393,,22.0,22.0,7,7,
394,,22.0,22.0,7,7,
395,,22.0,22.0,7,7,
396,,22.0,22.0,23,23,
397,,22.0,22.0,7,7,
398,,22.0,22.0,6,30,
399,,22.0,22.0,4,4,
400,,22.0,22.0,4,18,
401,,23.0,22.0,4,4,
402,,23.0,22.0,7,7,
403,,22.0,22.0,7,4,
404,,13.0,22.0,7,7,
405,,23.0,23.0,2,2,
406,,23.0,23.0,7,7,
407,,23.0,23.0,4,7,
408,,23.0,23.0,7,4,
409,,28.0,28.0,27,27,
410,,23.0,28.0,7,7,
411,,28.0,28.0,7,7,
412,,23.0,28.0,7,7,
413,,23.0,23.0,7,7,
414,,23.0,23.0,7,7,
415,,23.0,23.0,2,2,
416,,23.0,23.0,7,7,
417,,23.0,23.0,23,23,
418,,23.0,23.0,7,7,
419,,23.0,23.0,7,8,
420,,23.0,23.0,7,7,
421,,23.0,23.0,4,7,
422,,23.0,23.0,9,9,
423,,24.0,24.0,7,7,
424,,24.0,15.0,7,7,
425,,24.0,15.0,7,7,
426,,24.0,15.0,7,7,
427,,18.0,24.0,15,8,
428,,24.0,24.0,4,7,
429,,24.0,24.0,4,4,
430,,24.0,24.0,7,7,
431,,30.0,30.0,7,7,
432,,24.0,24.0,7,7,
433,,30.0,30.0,23,7,
434,,30.0,30.0,7,7,
435,,18.0,24.0,7,7,
436,,24.0,24.0,7,7,
437,,24.0,12.0,2,2,
438,,24.0,24.0,7,7,
439,,24.0,12.0,21,21,
440,,15.0,12.0,12,12,
441,,24.0,30.0,12,15,
442,,18.0,24.0,8,8,
443,,18.0,24.0,8,9,
444,,18.0,24.0,8,8,
445,,24.0,24.0,8,8,
446,,0.0,24.0,24,24,
447,,0.0,24.0,15,15,
448,,0.0,24.0,8,8,
449,,0.0,24.0,24,24,
450,,25.0,25.0,8,8,
451,,25.0,25.0,8,9,
452,,25.0,25.0,8,8,
453,,25.0,25.0,12,12,
454,,25.0,25.0,9,9,
455,,25.0,25.0,8,8,
456,,19.0,25.0,12,12,
457,,26.0,26.0,24,24,
458,,26.0,26.0,8,8,
459,,26.0,26.0,8,8,
460,,26.0,26.0,8,8,
461,,26.0,26.0,8,8,
462,,26.0,26.0,18,18,
463,,26.0,26.0,12,15,
464,,26.0,26.0,8,8,
465,,26.0,26.0,12,12,
466,,26.0,26.0,12,15,
467,,26.0,26.0,15,15,
468,,26.0,26.0,8,8,
469,,26.0,26.0,12,15,
470,,26.0,26.0,8,8,
471,,26.0,26.0,8,8,
472,,26.0,26.0,8,8,
473,,26.0,26.0,8,8,
474,,27.0,27.0,8,8,
475,,27.0,27.0,8,24,
476,,27.0,27.0,14,14,
477,,27.0,27.0,12,12,
478,,27.0,27.0,8,8,
479,,27.0,27.0,12,15,
480,,27.0,27.0,8,8,
481,,27.0,27.0,15,15,
482,,27.0,27.0,3,3,
483,,27.0,27.0,12,12,
484,,27.0,27.0,12,15,
485,,27.0,27.0,23,29,
486,,27.0,27.0,8,8,
487,,27.0,27.0,12,15,
488,,27.0,27.0,9,9,
489,,27.0,27.0,12,12,
490,,27.0,27.0,15,15,
491,,27.0,27.0,12,12,
492,,27.0,27.0,8,8,
493,,27.0,27.0,12,15,
494,,28.0,28.0,29,14,
495,,28.0,28.0,8,8,
496,,28.0,28.0,8,8,
497,,28.0,28.0,11,11,
498,,28.0,28.0,12,12,
499,,28.0,28.0,8,8,
500,,28.0,28.0,23,29,
501,,28.0,28.0,15,15,
502,,28.0,28.0,8,8,
503,,28.0,28.0,15,15,
504,,28.0,28.0,8,22,
505,,28.0,28.0,9,9,
506,,28.0,28.0,9,9,
507,,28.0,28.0,9,9,
508,,28.0,28.0,9,9,
509,,28.0,28.0,9,9,
510,,29.0,29.0,9,9,
511,,29.0,29.0,9,9,
512,,29.0,29.0,9,9,
513,,29.0,29.0,9,9,
514,,29.0,29.0,9,9,
515,,29.0,29.0,9,9,
516,,29.0,29.0,13,13,
517,,29.0,29.0,30,30,
518,,29.0,29.0,9,9,
519,,29.0,29.0,13,13,
520,,29.0,29.0,9,9,
521,,29.0,29.0,9,9,
522,,29.0,29.0,9,9,
523,,29.0,29.0,30,13,
524,,29.0,29.0,13,13,
525,,29.0,29.0,30,13,
526,,30.0,30.0,9,9,
527,,30.0,30.0,9,9,
528,,7.0,7.0,9,9,
529,,30.0,30.0,9,9,
530,,30.0,30.0,3,13,
531,,30.0,30.0,9,9,
532,,30.0,30.0,9,3,
533,,30.0,30.0,9,9,
534,,30.0,30.0,9,9,
535,,30.0,30.0,9,9,
536,,30.0,30.0,9,9,
537,,30.0,30.0,9,9,
538,,30.0,30.0,9,9,
539,,30.0,30.0,9,9,
540,,,,9,9,
541,,,,9,9,
542,,,,9,9,
543,,,,25,25,
544,,,,9,9,
545,,,,9,9,
546,,,,9,9,
547,,,,9,9,
548,,,,9,9,
549,,,,9,9,
550,,,,9,9,
551,,,,13,13,
552,,,,9,9,
553,,,,9,9,
554,,,,13,9,
555,,,,9,9,
556,,,,3,3,
557,,,,9,9,
558,,,,9,9,
559,,,,9,9,
560,,,,10,10,
561,,,,10,10,
562,,,,10,10,
563,,,,10,10,
564,,,,10,10,
565,,,,27,27,
566,,,,10,10,
567,,,,10,10,
568,,,,26,19,
569,,,,10,10,
570,,,,10,10,
571,,,,10,10,
572,,,,10,10,
573,,,,10,10,
574,,,,10,10,
575,,,,10,10,
576,,,,10,10,
577,,,,10,10,
578,,,,10,10,
579,,,,10,10,
580,,,,10,10,
581,,,,10,10,
582,,,,10,10,
583,,,,10,10,
584,,,,10,10,
585,,,,10,10,
586,,,,10,10,
587,,,,10,10,
588,,,,10,10,
589,,,,10,10,
590,,,,10,10,
591,,,,10,10,
592,,,,7,7,
593,,,,10,10,
594,,,,10,10,
595,,,,10,10,
596,,,,10,10,
597,,,,10,10,
598,,,,10,10,
599,,,,10,10,
600,,,,10,10,
601,,,,10,10,
602,,,,10,10,
603,,,,10,10,
604,,,,10,10,
605,,,,10,10,
606,,,,10,10,
607,,,,10,10,
608,,,,18,18,
609,,,,10,10,
610,,,,10,10,
611,,,,10,10,
612,,,,10,10,
613,,,,10,10,
614,,,,10,10,
615,,,,26,26,
616,,,,10,10,
617,,,,10,10,
618,,,,10,10,
619,,,,10,10,
620,,,,10,10,
621,,,,10,10,
622,,,,10,10,
623,,,,7,10,
624,,,,10,10,
625,,,,19,19,
626,,,,10,10,
627,,,,11,11,
628,,,,11,11,
629,,,,11,11,
630,,,,11,11,
631,,,,11,11,
632,,,,11,11,
633,,,,11,11,
634,,,,11,11,
635,,,,12,12,
636,,,,11,11,
637,,,,11,11,
638,,,,11,11,
639,,,,11,11,
640,,,,11,11,
641,,,,11,11,
642,,,,11,11,
643,,,,11,11,
644,,,,11,11,
645,,,,11,11,
646,,,,12,12,
647,,,,26,26,
648,,,,11,11,
649,,,,11,11,
650,,,,11,11,
651,,,,11,11,
652,,,,11,11,
653,,,,11,11,
654,,,,11,11,
655,,,,11,11,
656,,,,11,11,
657,,,,11,11,
658,,,,11,11,
659,,,,11,11,
660,,,,5,5,
661,,,,11,11,
662,,,,12,12,
663,,,,11,11,
664,,,,5,5,
665,,,,14,14,
666,,,,11,11,
667,,,,11,11,
668,,,,11,11,
669,,,,11,8,
670,,,,11,11,
671,,,,11,11,
672,,,,11,11,
673,,,,11,11,
674,,,,11,11,
675,,,,11,11,
676,,,,11,11,
677,,,,11,11,
678,,,,11,11,
679,,,,11,11,
680,,,,11,11,
681,,,,11,11,
682,,,,11,11,
683,,,,11,11,
684,,,,11,11,
685,,,,11,11,
686,,,,19,19,
687,,,,11,11,
688,,,,11,11,
689,,,,11,11,
690,,,,11,11,
691,,,,11,11,
692,,,,11,11,
693,,,,11,11,
694,,,,11,11,
695,,,,12,12,
696,,,,12,12,
697,,,,12,12,
698,,,,12,12,
699,,,,24,12,
700,,,,12,12,
701,,,,12,12,
702,,,,12,12,
703,,,,12,12,
704,,,,12,12,
705,,,,12,12,
706,,,,12,12,
707,,,,12,12,
708,,,,12,12,
709,,,,12,12,
710,,,,12,12,
711,,,,12,12,
712,,,,12,12,
713,,,,12,12,
714,,,,12,12,
715,,,,12,12,
716,,,,24,12,
717,,,,12,12,
718,,,,12,12,
719,,,,12,12,
720,,,,12,12,
721,,,,12,12,
722,,,,12,12,
723,,,,12,12,
724,,,,12,12,
725,,,,24,30,
726,,,,12,12,
727,,,,24,12,
728,,,,12,12,
729,,,,24,12,
730,,,,12,12,
731,,,,12,12,
732,,,,12,12,
733,,,,12,12,
734,,,,12,12,
735,,,,12,12,
736,,,,12,12,
737,,,,12,12,
738,,,,12,12,
739,,,,12,12,
740,,,,12,12,
741,,,,12,12,
742,,,,12,12,
743,,,,12,12,
744,,,,12,12,
745,,,,12,12,
746,,,,12,12,
747,,,,12,12,
748,,,,12,12,
749,,,,12,12,
750,,,,24,12,
751,,,,12,12,
752,,,,12,12,
753,,,,12,12,
754,,,,12,12,
755,,,,12,12,
756,,,,12,12,
757,,,,12,12,
758,,,,24,12,
759,,,,15,15,
760,,,,12,12,
761,,,,12,12,
762,,,,12,12,
763,,,,13,13,
764,,,,13,13,
765,,,,29,29,
766,,,,13,13,
767,,,,13,13,
768,,,,13,13,
769,,,,13,13,
770,,,,13,13,
771,,,,13,23,
772,,,,13,13,
773,,,,13,13,
774,,,,29,29,
775,,,,24,24,
776,,,,27,25,
777,,,,13,13,
778,,,,28,28,
779,,,,24,13,
780,,,,13,13,
781,,,,13,23,
782,,,,3,29,
783,,,,13,13,
784,,,,13,13,
785,,,,13,13,
786,,,,13,13,
787,,,,13,23,
788,,,,13,23,
789,,,,13,13,
790,,,,13,13,
791,,,,13,13,
792,,,,13,13,
793,,,,13,13,
794,,,,3,3,
795,,,,13,13,
796,,,,24,24,
797,,,,13,13,
798,,,,13,13,
799,,,,13,13,
800,,,,13,13,
801,,,,13,13,
802,,,,29,29,
803,,,,7,26,
804,,,,13,13,
805,,,,13,13,
806,,,,13,13,
807,,,,13,13,
808,,,,23,29,
809,,,,13,13,
810,,,,29,13,
811,,,,23,15,
812,,,,13,13,
813,,,,13,13,
814,,,,13,13,
815,,,,13,13,
816,,,,29,13,
817,,,,3,3,
818,,,,13,13,
819,,,,3,3,
820,,,,13,23,
821,,,,13,13,
822,,,,13,13,
823,,,,13,13,
824,,,,29,29,
825,,,,13,13,
826,,,,13,13,
827,,,,29,13,
828,,,,13,13,
829,,,,14,14,
830,,,,14,14,
831,,,,14,14,
832,,,,14,14,
833,,,,14,5,
834,,,,14,14,
835,,,,20,20,
836,,,,14,14,
837,,,,14,14,
838,,,,14,14,
839,,,,14,14,
840,,,,14,5,
841,,,,14,14,
842,,,,20,12,
843,,,,14,14,
844,,,,14,14,
845,,,,14,14,
846,,,,14,5,
847,,,,14,14,
848,,,,14,14,
849,,,,14,5,
850,,,,14,14,
851,,,,14,14,
852,,,,14,14,
853,,,,14,14,
854,,,,14,14,
855,,,,14,14,
856,,,,14,14,
857,,,,14,14,
858,,,,14,14,
859,,,,14,14,
860,,,,14,14,
861,,,,14,14,
862,,,,14,14,
863,,,,14,14,
864,,,,14,14,
865,,,,14,14,
866,,,,14,14,
867,,,,14,14,
868,,,,14,14,
869,,,,14,14,
870,,,,14,14,
871,,,,14,14,
872,,,,14,14,
873,,,,14,27,
874,,,,14,14,
875,,,,14,5,
876,,,,14,27,
877,,,,14,14,
878,,,,20,5,
879,,,,14,14,
880,,,,14,14,
881,,,,14,14,
882,,,,14,14,
883,,,,14,14,
884,,,,14,14,
885,,,,14,8,
886,,,,14,14,
887,,,,14,14,
888,,,,5,5,
889,,,,14,14,
890,,,,14,14,
891,,,,20,5,
892,,,,14,14,
893,,,,20,5,
894,,,,14,14,
895,,,,14,14,
896,,,,14,14,
897,,,,15,15,
898,,,,15,15,
899,,,,15,15,
900,,,,15,15,
901,,,,23,23,
902,,,,15,15,
903,,,,15,15,
904,,,,15,15,
905,,,,15,15,
906,,,,15,15,
907,,,,15,15,
908,,,,15,15,
909,,,,15,15,
910,,,,15,15,
911,,,,15,15,
912,,,,15,15,
913,,,,15,15,
914,,,,15,15,
915,,,,15,15,
916,,,,15,15,
917,,,,15,15,
918,,,,15,15,
919,,,,15,15,
920,,,,15,15,
921,,,,15,15,
922,,,,15,15,
923,,,,15,15,
924,,,,15,15,
925,,,,15,15,
926,,,,15,15,
927,,,,15,15,
928,,,,15,15,
929,,,,15,15,
930,,,,12,12,
931,,,,15,15,
932,,,,15,15,
933,,,,15,15,
934,,,,15,15,
935,,,,15,15,
936,,,,15,15,
937,,,,15,15,
938,,,,15,15,
939,,,,15,15,
940,,,,15,15,
941,,,,15,15,
942,,,,15,15,
943,,,,8,21,
944,,,,15,15,
945,,,,15,15,
946,,,,15,15,
947,,,,15,15,
948,,,,15,15,
949,,,,15,15,
950,,,,15,15,
951,,,,22,22,
952,,,,15,15,
953,,,,15,15,
954,,,,15,15,
955,,,,15,15,
956,,,,15,15,
957,,,,15,15,
958,,,,28,22,
959,,,,15,15,
960,,,,15,15,
961,,,,15,15,
962,,,,15,15,
963,,,,15,15,
964,,,,16,16,
965,,,,16,16,
966,,,,16,16,
967,,,,16,16,
968,,,,16,16,
969,,,,16,16,
970,,,,16,16,
971,,,,16,16,
972,,,,16,16,
973,,,,16,16,
974,,,,16,16,
975,,,,16,16,
976,,,,16,16,
977,,,,16,16,
978,,,,16,16,
979,,,,16,16,
980,,,,16,16,
981,,,,16,16,
982,,,,16,16,
983,,,,16,16,
984,,,,16,16,
985,,,,16,16,
986,,,,16,16,
987,,,,16,16,
988,,,,7,16,
989,,,,16,16,
990,,,,16,16,
991,,,,16,16,
992,,,,16,16,
993,,,,16,16,
994,,,,16,16,
995,,,,16,16,
996,,,,10,10,
997,,,,16,16,
998,,,,16,16,
999,,,,16,16,
1000,,,,16,16,
1001,,,,16,16,
1002,,,,26,26,
1003,,,,16,16,
1004,,,,16,16,
1005,,,,16,16,
1006,,,,20,20,
1007,,,,16,16,
1008,,,,16,16,
1009,,,,16,16,
1010,,,,16,16,
1011,,,,16,16,
1012,,,,16,16,
1013,,,,16,16,
1014,,,,16,16,
1015,,,,16,16,
1016,,,,16,16,
1017,,,,16,16,
1018,,,,16,16,
1019,,,,16,16,
1020,,,,16,16,
1021,,,,16,7,
1022,,,,16,16,
1023,,,,16,16,
1024,,,,16,16,
1025,,,,16,16,
1026,,,,16,16,
1027,,,,16,16,
1028,,,,16,16,
1029,,,,16,16,
1030,,,,16,16,
1031,,,,16,16,
1032,,,,17,17,
1033,,,,4,4,
1034,,,,17,17,
1035,,,,17,17,
1036,,,,17,17,
1037,,,,17,17,
1038,,,,17,17,
1039,,,,17,17,
1040,,,,17,17,
1041,,,,17,17,
1042,,,,17,17,
1043,,,,17,17,
1044,,,,17,17,
1045,,,,30,4,
1046,,,,17,17,
1047,,,,17,17,
1048,,,,17,17,
1049,,,,17,17,
1050,,,,17,17,
1051,,,,17,17,
1052,,,,17,17,
1053,,,,17,17,
1054,,,,17,17,
1055,,,,17,17,
1056,,,,17,17,
1057,,,,17,17,
1058,,,,17,17,
1059,,,,4,17,
1060,,,,17,17,
1061,,,,17,17,
1062,,,,17,17,
1063,,,,17,17,
1064,,,,17,17,
1065,,,,17,17,
1066,,,,17,17,
1067,,,,17,17,
1068,,,,17,17,
1069,,,,17,17,
1070,,,,17,17,
1071,,,,17,17,
1072,,,,17,17,
1073,,,,17,17,
1074,,,,17,17,
1075,,,,17,17,
1076,,,,17,17,
1077,,,,17,17,
1078,,,,17,17,
1079,,,,17,17,
1080,,,,17,17,
1081,,,,17,17,
1082,,,,17,17,
1083,,,,17,17,
1084,,,,17,17,
1085,,,,17,17,
1086,,,,17,17,
1087,,,,17,17,
1088,,,,4,17,
1089,,,,17,17,
1090,,,,17,17,
1091,,,,17,17,
1092,,,,17,17,
1093,,,,17,17,
1094,,,,17,17,
1095,,,,17,17,
1096,,,,18,18,
1097,,,,18,18,
1098,,,,18,18,
1099,,,,24,24,
1100,,,,24,24,
1101,,,,8,24,
1102,,,,18,24,
1103,,,,24,24,
1104,,,,18,18,
1105,,,,24,24,
1106,,,,24,24,
1107,,,,7,18,
1108,,,,24,24,
1109,,,,9,13,
1110,,,,18,25,
1111,,,,9,9,
1112,,,,8,24,
1113,,,,24,24,
1114,,,,24,24,
1115,,,,24,24,
1116,,,,9,24,
1117,,,,24,24,
1118,,,,25,25,
1119,,,,24,24,
1120,,,,24,25,
1121,,,,18,18,
1122,,,,25,8,
1123,,,,25,25,
1124,,,,25,25,
1125,,,,18,18,
1126,,,,24,24,
1127,,,,18,18,
1128,,,,24,18,
1129,,,,18,18,
1130,,,,24,24,
1131,,,,24,24,
1132,,,,25,25,
1133,,,,24,24,
1134,,,,18,18,
1135,,,,18,18,
1136,,,,25,25,
1137,,,,18,18,
1138,,,,18,18,
1139,,,,18,18,
1140,,,,18,18,
1141,,,,24,18,
1142,,,,25,25,
1143,,,,18,25,
1144,,,,25,25,
1145,,,,18,18,
1146,,,,18,18,
1147,,,,18,18,
1148,,,,8,8,
1149,,,,4,18,
1150,,,,24,24,
1151,,,,18,18,
1152,,,,8,8,
1153,,,,18,25,
1154,,,,18,8,
1155,,,,11,11,
1156,,,,18,18,
1157,,,,24,18,
1158,,,,9,9,
1159,,,,24,18,
1160,,,,24,18,
1161,,,,24,24,
1162,,,,19,19,
1163,,,,19,19,
1164,,,,19,19,
1165,,,,3,3,
1166,,,,19,19,
1167,,,,19,19,
1168,,,,19,19,
1169,,,,4,4,
1170,,,,19,19,
1171,,,,19,19,
1172,,,,4,19,
1173,,,,19,19,
1174,,,,19,19,
1175,,,,19,19,
1176,,,,19,19,
1177,,,,19,19,
1178,,,,26,26,
1179,,,,19,19,
1180,,,,19,19,
1181,,,,19,19,
1182,,,,4,19,
1183,,,,19,19,
1184,,,,4,18,
1185,,,,28,28,
1186,,,,19,19,
1187,,,,19,19,
1188,,,,19,19,
1189,,,,4,4,
1190,,,,19,19,
1191,,,,19,19,
1192,,,,19,19,
1193,,,,19,19,
1194,,,,19,19,
1195,,,,19,19,
1196,,,,19,19,
1197,,,,19,19,
1198,,,,26,26,
1199,,,,19,19,
1200,,,,19,19,
1201,,,,4,4,
1202,,,,19,19,
1203,,,,26,26,
1204,,,,19,19,
1205,,,,19,19,
1206,,,,19,19,
1207,,,,19,19,
1208,,,,4,4,
1209,,,,19,19,
1210,,,,19,19,
1211,,,,19,19,
1212,,,,19,19,
1213,,,,19,19,
1214,,,,19,19,
1215,,,,19,19,
1216,,,,4,4,
1217,,,,19,19,
1218,,,,19,19,
1219,,,,19,19,
1220,,,,19,19,
1221,,,,19,19,
1222,,,,18,18,
1223,,,,4,19,
1224,,,,19,19,
1225,,,,4,4,
1226,,,,19,19,
1227,,,,20,20,
1228,,,,20,20,
1229,,,,8,8,
1230,,,,20,20,
1231,,,,20,20,
1232,,,,8,24,
1233,,,,29,28,
1234,,,,20,20,
1235,,,,20,20,
1236,,,,20,20,
1237,,,,20,20,
1238,,,,20,20,
1239,,,,20,20,
1240,,,,18,18,
1241,,,,20,20,
1242,,,,20,20,
1243,,,,29,24,
1244,,,,20,20,
1245,,,,20,20,
1246,,,,18,18,
1247,,,,20,20,
1248,,,,20,20,
1249,,,,20,20,
1250,,,,22,22,
1251,,,,20,20,
1252,,,,29,24,
1253,,,,20,20,
1254,,,,20,20,
1255,,,,29,28,
1256,,,,29,28,
1257,,,,20,20,
1258,,,,20,20,
1259,,,,20,20,
1260,,,,20,20,
1261,,,,29,24,
1262,,,,29,24,
1263,,,,20,20,
1264,,,,20,20,
1265,,,,20,20,
1266,,,,20,20,
1267,,,,20,20,
1268,,,,20,20,
1269,,,,20,20,
1270,,,,20,20,
1271,,,,26,26,
1272,,,,20,20,
1273,,,,20,20,
1274,,,,8,8,
1275,,,,20,20,
1276,,,,20,20,
1277,,,,20,20,
1278,,,,29,29,
1279,,,,20,20,
1280,,,,20,20,
1281,,,,20,20,
1282,,,,20,20,
1283,,,,20,20,
1284,,,,5,5,
1285,,,,20,20,
1286,,,,20,20,
1287,,,,28,28,
1288,,,,20,20,
1289,,,,28,28,
1290,,,,21,21,
1291,,,,21,21,
1292,,,,21,21,
1293,,,,21,21,
1294,,,,21,21,
1295,,,,21,21,
1296,,,,21,21,
1297,,,,21,21,
1298,,,,21,21,
1299,,,,21,21,
1300,,,,21,21,
1301,,,,21,21,
1302,,,,21,21,
1303,,,,21,21,
1304,,,,21,21,
1305,,,,21,21,
1306,,,,21,21,
1307,,,,21,21,
1308,,,,21,21,
1309,,,,21,21,
1310,,,,21,21,
1311,,,,21,21,
1312,,,,21,21,
1313,,,,21,21,
1314,,,,21,21,
1315,,,,21,21,
1316,,,,21,21,
1317,,,,21,21,
1318,,,,21,21,
1319,,,,21,21,
1320,,,,21,21,
1321,,,,21,21,
1322,,,,21,21,
1323,,,,21,21,
1324,,,,21,21,
1325,,,,21,21,
1326,,,,21,21,
1327,,,,24,24,
1328,,,,21,21,
1329,,,,21,21,
1330,,,,21,21,
1331,,,,21,21,
1332,,,,21,21,
1333,,,,8,24,
1334,,,,21,21,
1335,,,,21,21,
1336,,,,21,21,
1337,,,,21,21,
1338,,,,21,21,
1339,,,,21,21,
1340,,,,21,21,
1341,,,,21,21,
1342,,,,21,21,
1343,,,,21,21,
1344,,,,20,5,
1345,,,,21,21,
1346,,,,21,21,
1347,,,,21,21,
1348,,,,21,21,
1349,,,,21,21,
1350,,,,21,21,
1351,,,,21,21,
1352,,,,21,21,
1353,,,,21,21,
1354,,,,21,21,
1355,,,,21,21,
1356,,,,21,21,
1357,,,,21,21,
1358,,,,22,22,
1359,,,,22,22,
1360,,,,22,22,
1361,,,,22,22,
1362,,,,24,14,
1363,,,,22,22,
1364,,,,14,14,
1365,,,,22,22,
1366,,,,22,22,
1367,,,,22,22,
1368,,,,22,22,
1369,,,,22,22,
1370,,,,22,22,
1371,,,,22,22,
1372,,,,22,22,
1373,,,,22,22,
1374,,,,22,22,
1375,,,,22,22,
1376,,,,22,22,
1377,,,,22,22,
1378,,,,14,22,
1379,,,,22,22,
1380,,,,22,22,
1381,,,,13,24,
1382,,,,23,23,
1383,,,,22,22,
1384,,,,22,22,
1385,,,,22,22,
1386,,,,22,22,
1387,,,,22,22,
1388,,,,22,22,
1389,,,,22,22,
1390,,,,22,22,
1391,,,,22,22,
1392,,,,22,22,
1393,,,,27,27,
1394,,,,22,22,
1395,,,,22,22,
1396,,,,22,22,
1397,,,,22,22,
1398,,,,22,22,
1399,,,,22,22,
1400,,,,22,22,
1401,,,,22,22,
1402,,,,22,22,
1403,,,,22,22,
1404,,,,22,22,
1405,,,,22,22,
1406,,,,22,22,
1407,,,,22,22,
1408,,,,22,22,
1409,,,,22,22,
1410,,,,22,22,
1411,,,,7,22,
1412,,,,22,22,
1413,,,,22,22,
1414,,,,21,22,
1415,,,,22,22,
1416,,,,22,22,
1417,,,,22,22,
1418,,,,22,22,
1419,,,,22,22,
1420,,,,22,22,
1421,,,,14,14,
1422,,,,22,22,
1423,,,,22,22,
1424,,,,28,28,
1425,,,,27,27,
1426,,,,27,27,
1427,,,,27,27,
1428,,,,28,28,
1429,,,,28,23,
1430,,,,28,23,
1431,,,,27,27,
1432,,,,18,18,
1433,,,,27,27,
1434,,,,27,27,
1435,,,,29,22,
1436,,,,18,18,
1437,,,,27,27,
1438,,,,23,23,
1439,,,,28,28,
1440,,,,18,18,
1441,,,,26,26,
1442,,,,23,23,
1443,,,,18,18,
1444,,,,27,27,
1445,,,,13,13,
1446,,,,28,19,
1447,,,,18,18,
1448,,,,4,14,
1449,,,,29,18,
1450,,,,27,27,
1451,,,,18,18,
1452,,,,7,10,
1453,,,,27,18,
1454,,,,23,23,
1455,,,,27,18,
1456,,,,25,25,
1457,,,,3,3,
1458,,,,28,28,
1459,,,,18,18,
1460,,,,23,23,
1461,,,,29,18,
1462,,,,23,23,
1463,,,,28,28,
1464,,,,19,19,
1465,,,,27,27,
1466,,,,28,28,
1467,,,,29,29,
1468,,,,23,23,
1469,,,,7,7,
1470,,,,26,10,
1471,,,,28,23,
1472,,,,4,14,
1473,,,,29,23,
1474,,,,18,18,
1475,,,,7,29,
1476,,,,2,2,
1477,,,,7,10,
1478,,,,13,23,
1479,,,,29,22,
1480,,,,28,28,
1481,,,,18,26,
1482,,,,23,23,
1483,,,,26,26,
1484,,,,23,23,
1485,,,,29,29,
1486,,,,4,18,
1487,,,,18,18,
1488,,,,23,23,
1489,,,,23,23,
1490,,,,18,18,
1491,,,,24,24,
1492,,,,24,24,
1493,,,,13,14,
1494,,,,24,24,
1495,,,,24,24,
1496,,,,3,8,
1497,,,,24,24,
1498,,,,24,24,
1499,,,,24,24,
1500,,,,24,24,
1501,,,,9,24,
1502,,,,24,24,
1503,,,,18,24,
1504,,,,18,24,
1505,,,,24,24,
1506,,,,24,23,
1507,,,,24,24,
1508,,,,9,24,
1509,,,,18,18,
1510,,,,24,24,
1511,,,,24,24,
1512,,,,24,24,
1513,,,,9,24,
1514,,,,20,13,
1515,,,,24,24,
1516,,,,24,24,
1517,,,,24,24,
1518,,,,18,18,
1519,,,,24,24,
1520,,,,24,24,
1521,,,,24,24,
1522,,,,24,24,
1523,,,,24,24,
1524,,,,20,5,
1525,,,,18,18,
1526,,,,24,24,
1527,,,,24,24,
1528,,,,11,11,
1529,,,,27,4,
1530,,,,24,24,
1531,,,,24,24,
1532,,,,24,24,
1533,,,,24,24,
1534,,,,24,24,
1535,,,,9,24,
1536,,,,24,24,
1537,,,,24,24,
1538,,,,24,24,
1539,,,,14,8,
1540,,,,24,24,
1541,,,,24,24,
1542,,,,24,23,
1543,,,,24,24,
1544,,,,24,24,
1545,,,,8,8,
1546,,,,18,18,
1547,,,,24,24,
1548,,,,24,24,
1549,,,,13,24,
1550,,,,24,24,
1551,,,,24,24,
1552,,,,24,24,
1553,,,,25,25,
1554,,,,25,25,
1555,,,,8,28,
1556,,,,25,25,
1557,,,,4,4,
1558,,,,25,25,
1559,,,,25,25,
1560,,,,26,26,
1561,,,,25,25,
1562,,,,25,25,
1563,,,,28,23,
1564,,,,25,25,
1565,,,,4,26,
1566,,,,25,25,
1567,,,,25,25,
1568,,,,25,25,
1569,,,,25,25,
1570,,,,25,25,
1571,,,,11,11,
1572,,,,18,18,
1573,,,,25,25,
1574,,,,25,25,
1575,,,,25,25,
1576,,,,25,25,
1577,,,,25,25,
1578,,,,25,25,
1579,,,,25,25,
1580,,,,20,8,
1581,,,,25,25,
1582,,,,25,25,
1583,,,,25,25,
1584,,,,19,19,
1585,,,,25,25,
1586,,,,2,2,
1587,,,,7,4,
1588,,,,25,25,
1589,,,,25,25,
1590,,,,25,25,
1591,,,,25,25,
1592,,,,25,25,
1593,,,,25,25,
1594,,,,25,25,
1595,,,,25,25,
1596,,,,4,7,
1597,,,,18,18,
1598,,,,25,25,
1599,,,,25,25,
1600,,,,13,13,
1601,,,,25,25,
1602,,,,25,25,
1603,,,,25,25,
1604,,,,26,26,
1605,,,,26,26,
1606,,,,26,26,
1607,,,,26,26,
1608,,,,26,26,
1609,,,,26,26,
1610,,,,26,26,
1611,,,,23,23,
1612,,,,26,26,
1613,,,,26,26,
1614,,,,14,14,
1615,,,,26,26,
1616,,,,27,18,
1617,,,,27,27,
1618,,,,27,27,
1619,,,,27,10,
1620,,,,26,26,
1621,,,,4,18,
1622,,,,18,18,
1623,,,,26,26,
1624,,,,26,26,
1625,,,,26,26,
1626,,,,27,27,
1627,,,,26,26,
1628,,,,8,8,
1629,,,,26,26,
1630,,,,26,26,
1631,,,,19,19,
1632,,,,26,26,
1633,,,,26,26,
1634,,,,25,25,
1635,,,,18,25,
1636,,,,25,25,
1637,,,,26,26,
1638,,,,26,18,
1639,,,,27,18,
1640,,,,26,26,
1641,,,,27,10,
1642,,,,27,27,
1643,,,,26,26,
1644,,,,18,18,
1645,,,,27,18,
1646,,,,18,25,
1647,,,,26,26,
1648,,,,10,10,
1649,,,,10,10,
1650,,,,18,18,
1651,,,,11,25,
1652,,,,26,26,
1653,,,,27,10,
1654,,,,25,25,
1655,,,,10,10,
1656,,,,26,26,
1657,,,,26,26,
1658,,,,26,26,
1659,,,,10,10,
1660,,,,25,25,
1661,,,,26,26,
1662,,,,0,0,
1663,,,,26,26,
1664,,,,26,26,
1665,,,,4,26,
1666,,,,26,26,
1667,,,,26,26,
1668,,,,26,26,
1669,,,,26,26,
1670,,,,26,26,
1671,,,,26,26,
1672,,,,27,27,
1673,,,,7,7,
1674,,,,27,27,
1675,,,,27,27,
1676,,,,27,27,
1677,,,,27,27,
1678,,,,22,27,
1679,,,,28,28,
1680,,,,27,27,
1681,,,,22,22,
1682,,,,27,27,
1683,,,,27,27,
1684,,,,27,30,
1685,,,,27,27,
1686,,,,8,27,
1687,,,,22,22,
1688,,,,26,27,
1689,,,,27,27,
1690,,,,27,27,
1691,,,,27,27,
1692,,,,27,27,
1693,,,,27,27,
1694,,,,15,15,
1695,,,,27,27,
1696,,,,27,27,
1697,,,,27,27,
1698,,,,27,27,
1699,,,,27,27,
1700,,,,22,22,
1701,,,,27,27,
1702,,,,27,27,
1703,,,,22,22,
1704,,,,27,27,
1705,,,,7,7,
1706,,,,27,27,
1707,,,,27,27,
1708,,,,27,27,
1709,,,,27,27,
1710,,,,27,27,
1711,,,,27,27,
1712,,,,14,14,
1713,,,,27,27,
1714,,,,18,29,
1715,,,,11,11,
1716,,,,4,7,
1717,,,,27,27,
1718,,,,27,27,
1719,,,,27,27,
1720,,,,14,20,
1721,,,,27,27,
1722,,,,27,27,
1723,,,,29,29,
1724,,,,27,27,
1725,,,,27,27,
1726,,,,27,27,
1727,,,,27,27,
1728,,,,22,27,
1729,,,,27,27,
1730,,,,27,27,
1731,,,,24,24,
1732,,,,27,27,
1733,,,,4,7,
1734,,,,7,7,
1735,,,,27,27,
1736,,,,27,27,
1737,,,,27,27,
1738,,,,27,27,
1739,,,,23,23,
1740,,,,28,28,
1741,,,,23,23,
1742,,,,28,19,
1743,,,,18,18,
1744,,,,28,28,
1745,,,,18,18,
1746,,,,4,4,
1747,,,,18,18,
1748,,,,29,29,
1749,,,,28,28,
1750,,,,23,23,
1751,,,,29,29,
1752,,,,19,19,
1753,,,,4,4,
1754,,,,28,29,
1755,,,,29,23,
1756,,,,29,29,
1757,,,,28,28,
1758,,,,26,26,
1759,,,,28,28,
1760,,,,28,27,
1761,,,,28,23,
1762,,,,28,28,
1763,,,,28,23,
1764,,,,4,4,
1765,,,,28,29,
1766,,,,28,23,
1767,,,,28,28,
1768,,,,28,28,
1769,,,,29,29,
1770,,,,23,23,
1771,,,,23,23,
1772,,,,28,23,
1773,,,,28,23,
1774,,,,28,23,
1775,,,,4,4,
1776,,,,28,18,
1777,,,,6,6,
1778,,,,28,23,
1779,,,,23,23,
1780,,,,28,28,
1781,,,,0,0,
1782,,,,28,28,
1783,,,,29,29,
1784,,,,23,23,
1785,,,,29,23,
1786,,,,16,16,
1787,,,,29,28,
1788,,,,28,23,
1789,,,,23,23,
1790,,,,28,26,
1791,,,,29,18,
1792,,,,26,26,
1793,,,,26,26,
1794,,,,23,23,
1795,,,,29,29,
1796,,,,28,28,
1797,,,,6,6,
1798,,,,28,28,
1799,,,,18,18,
1800,,,,28,28,
1801,,,,16,16,
1802,,,,28,23,
1803,,,,28,23,
1804,,,,29,24,
1805,,,,28,23,
1806,,,,29,29,
1807,,,,4,4,
1808,,,,26,26,
1809,,,,29,29,
1810,,,,29,29,
1811,,,,29,29,
1812,,,,7,23,
1813,,,,18,18,
1814,,,,4,10,
1815,,,,26,26,
1816,,,,29,29,
1817,,,,29,29,
1818,,,,26,26,
1819,,,,18,18,
1820,,,,18,18,
1821,,,,29,29,
1822,,,,26,26,
1823,,,,2,2,
1824,,,,29,29,
1825,,,,18,18,
1826,,,,29,29,
1827,,,,29,29,
1828,,,,29,18,
1829,,,,29,29,
1830,,,,4,26,
1831,,,,26,26,
1832,,,,4,4,
1833,,,,29,29,
1834,,,,26,26,
1835,,,,29,29,
1836,,,,23,29,
1837,,,,27,18,
1838,,,,16,16,
1839,,,,29,29,
1840,,,,29,29,
1841,,,,29,29,
1842,,,,29,23,
1843,,,,26,26,
1844,,,,2,2,
1845,,,,29,29,
1846,,,,29,18,
1847,,,,29,23,
1848,,,,30,18,
1849,,,,27,2,
1850,,,,29,29,
1851,,,,29,29,
1852,,,,29,29,
1853,,,,29,29,
1854,,,,16,29,
1855,,,,29,29,
1856,,,,27,18,
1857,,,,18,18,
1858,,,,29,29,
1859,,,,26,26,
1860,,,,7,7,
1861,,,,27,22,
1862,,,,4,18,
1863,,,,29,29,
1864,,,,4,18,
1865,,,,19,19,
1866,,,,26,26,
1867,,,,29,29,
1868,,,,27,10,
1869,,,,18,18,
1870,,,,29,18,
1871,,,,30,30,
1872,,,,30,30,
1873,,,,13,28,
1874,,,,18,18,
1875,,,,4,4,
1876,,,,30,30,
1877,,,,30,30,
1878,,,,1,20,
1879,,,,30,30,
1880,,,,30,30,
1881,,,,30,30,
1882,,,,30,30,
1883,,,,30,30,
1884,,,,30,30,
1885,,,,24,24,
1886,,,,30,30,
1887,,,,9,8,
1888,,,,30,30,
1889,,,,30,30,
1890,,,,30,30,
1891,,,,30,30,
1892,,,,4,4,
1893,,,,1,20,
1894,,,,30,30,
1895,,,,4,30,
1896,,,,30,30,
1897,,,,30,30,
1898,,,,18,18,
1899,,,,30,30,
1900,,,,24,24,
1901,,,,30,30,
1902,,,,22,22,
1903,,,,30,30,
1904,,,,30,30,
1905,,,,7,7,
1906,,,,4,4,
1907,,,,30,30,
1908,,,,30,30,
1909,,,,30,30,
1910,,,,4,30,
1911,,,,30,30,
1912,,,,18,18,
1913,,,,30,30,
1914,,,,27,16,
